{
  "model_repo": "MBG0903/tourism_customer_xgb",
  "roc_auc": 0.9631033539833856,
  "pr_auc": 0.9006430901133551,
  "f1": 0.8125,
  "precision": 0.9069767441860465,
  "recall": 0.7358490566037735,
  "brier": 0.04883551729634387
}